"","Survey/VEP","Survey/UPDA","Survey/CA","VEP/UPDA","VEP/CA","UPDA/CA"
"750",0.289473684210526,0.157894736842105,0.157894736842105,0.236842105263158,0.236842105263158,0
"751",0.289473684210526,0.157894736842105,0.157894736842105,0.236842105263158,0.236842105263158,0
"752",0.289473684210526,0.157894736842105,0.157894736842105,0.236842105263158,0.236842105263158,0
"753",0.289473684210526,0.157894736842105,0.157894736842105,0.236842105263158,0.236842105263158,0
"754",0.289473684210526,0.157894736842105,0.157894736842105,0.236842105263158,0.236842105263158,0
"755",0.289473684210526,0.157894736842105,0.157894736842105,0.236842105263158,0.236842105263158,0
"756",0.289473684210526,0.157894736842105,0.157894736842105,0.236842105263158,0.236842105263158,0
"757",0.289473684210526,0.157894736842105,0.157894736842105,0.236842105263158,0.236842105263158,0
"758",0.289473684210526,0.157894736842105,0.157894736842105,0.236842105263158,0.236842105263158,0
"759",0.289473684210526,0.157894736842105,0.157894736842105,0.236842105263158,0.236842105263158,0
"760",0.289473684210526,0.157894736842105,0.157894736842105,0.236842105263158,0.236842105263158,0
"761",0.289473684210526,0.157894736842105,0.157894736842105,0.236842105263158,0.236842105263158,0
"762",0.289473684210526,0.157894736842105,0.157894736842105,0.236842105263158,0.236842105263158,0
"763",0.289473684210526,0.157894736842105,0.157894736842105,0.236842105263158,0.236842105263158,0
"764",0.289473684210526,0.157894736842105,0.157894736842105,0.236842105263158,0.236842105263158,0
"765",0.289473684210526,0.157894736842105,0.157894736842105,0.236842105263158,0.236842105263158,0
"766",0.289473684210526,0.157894736842105,0.157894736842105,0.236842105263158,0.236842105263158,0
"767",0.289473684210526,0.157894736842105,0.157894736842105,0.236842105263158,0.236842105263158,0
"768",0.289473684210526,0.157894736842105,0.157894736842105,0.236842105263158,0.236842105263158,0
"769",0.289473684210526,0.157894736842105,0.157894736842105,0.236842105263158,0.236842105263158,0
"770",0.289473684210526,0.157894736842105,0.157894736842105,0.236842105263158,0.236842105263158,0
"771",0.289473684210526,0.157894736842105,0.157894736842105,0.236842105263158,0.236842105263158,0
"772",0.289473684210526,0.157894736842105,0.157894736842105,0.236842105263158,0.236842105263158,0
"773",0.289473684210526,0.157894736842105,0.157894736842105,0.236842105263158,0.236842105263158,0
"774",0.289473684210526,0.157894736842105,0.157894736842105,0.236842105263158,0.236842105263158,0
"775",0.289473684210526,0.157894736842105,0.157894736842105,0.236842105263158,0.236842105263158,0
"776",0.289473684210526,0.157894736842105,0.157894736842105,0.236842105263158,0.236842105263158,0
"777",0.289473684210526,0.157894736842105,0.157894736842105,0.236842105263158,0.236842105263158,0
"778",0.289473684210526,0.157894736842105,0.157894736842105,0.236842105263158,0.236842105263158,0
"779",0.289473684210526,0.157894736842105,0.157894736842105,0.236842105263158,0.236842105263158,0
"780",0.289473684210526,0.157894736842105,0.157894736842105,0.236842105263158,0.236842105263158,0
"781",0.289473684210526,0.157894736842105,0.157894736842105,0.236842105263158,0.236842105263158,0
"782",0.289473684210526,0.157894736842105,0.157894736842105,0.236842105263158,0.236842105263158,0
"783",0.289473684210526,0.157894736842105,0.157894736842105,0.236842105263158,0.236842105263158,0
"784",0.289473684210526,0.157894736842105,0.157894736842105,0.236842105263158,0.236842105263158,0
"785",0.289473684210526,0.157894736842105,0.157894736842105,0.236842105263158,0.236842105263158,0
"786",0.289473684210526,0.157894736842105,0.157894736842105,0.236842105263158,0.236842105263158,0
"787",0.289473684210526,0.157894736842105,0.157894736842105,0.236842105263158,0.236842105263158,0
"788",0.289473684210526,0.157894736842105,0.157894736842105,0.236842105263158,0.236842105263158,0
"789",0.289473684210526,0.157894736842105,0.157894736842105,0.236842105263158,0.236842105263158,0
"790",0.289473684210526,0.157894736842105,0.157894736842105,0.236842105263158,0.236842105263158,0
"791",0.289473684210526,0.157894736842105,0.157894736842105,0.236842105263158,0.236842105263158,0
"792",0.289473684210526,0.157894736842105,0.157894736842105,0.236842105263158,0.236842105263158,0
"793",0.289473684210526,0.157894736842105,0.157894736842105,0.236842105263158,0.236842105263158,0
"794",0.289473684210526,0.157894736842105,0.157894736842105,0.236842105263158,0.236842105263158,0
"795",0.289473684210526,0.157894736842105,0.157894736842105,0.236842105263158,0.236842105263158,0
"796",0.289473684210526,0.157894736842105,0.157894736842105,0.236842105263158,0.236842105263158,0
"797",0.289473684210526,0.157894736842105,0.157894736842105,0.236842105263158,0.236842105263158,0
"798",0.289473684210526,0.157894736842105,0.157894736842105,0.236842105263158,0.236842105263158,0
"799",0.289473684210526,0.157894736842105,0.157894736842105,0.236842105263158,0.236842105263158,0
"800",0.263157894736842,0.157894736842105,0.131578947368421,0.315789473684211,0.289473684210526,0.0263157894736842
"801",0.263157894736842,0.157894736842105,0.131578947368421,0.315789473684211,0.289473684210526,0.0263157894736842
"802",0.263157894736842,0.157894736842105,0.131578947368421,0.315789473684211,0.289473684210526,0.0263157894736842
"803",0.263157894736842,0.157894736842105,0.131578947368421,0.315789473684211,0.289473684210526,0.0263157894736842
"804",0.263157894736842,0.157894736842105,0.131578947368421,0.315789473684211,0.289473684210526,0.0263157894736842
"805",0.263157894736842,0.157894736842105,0.131578947368421,0.315789473684211,0.289473684210526,0.0263157894736842
"806",0.263157894736842,0.157894736842105,0.131578947368421,0.315789473684211,0.289473684210526,0.0263157894736842
"807",0.263157894736842,0.157894736842105,0.131578947368421,0.315789473684211,0.289473684210526,0.0263157894736842
"808",0.263157894736842,0.157894736842105,0.131578947368421,0.315789473684211,0.289473684210526,0.0263157894736842
"809",0.263157894736842,0.157894736842105,0.131578947368421,0.315789473684211,0.289473684210526,0.0263157894736842
"810",0.263157894736842,0.157894736842105,0.131578947368421,0.315789473684211,0.289473684210526,0.0263157894736842
"811",0.263157894736842,0.157894736842105,0.131578947368421,0.315789473684211,0.289473684210526,0.0263157894736842
"812",0.263157894736842,0.157894736842105,0.131578947368421,0.315789473684211,0.289473684210526,0.0263157894736842
"813",0.263157894736842,0.157894736842105,0.131578947368421,0.315789473684211,0.289473684210526,0.0263157894736842
"814",0.263157894736842,0.157894736842105,0.131578947368421,0.315789473684211,0.289473684210526,0.0263157894736842
"815",0.263157894736842,0.157894736842105,0.131578947368421,0.315789473684211,0.289473684210526,0.0263157894736842
"816",0.263157894736842,0.157894736842105,0.131578947368421,0.315789473684211,0.289473684210526,0.0263157894736842
"817",0.263157894736842,0.157894736842105,0.131578947368421,0.315789473684211,0.289473684210526,0.0263157894736842
"818",0.263157894736842,0.157894736842105,0.131578947368421,0.315789473684211,0.289473684210526,0.0263157894736842
"819",0.263157894736842,0.157894736842105,0.131578947368421,0.315789473684211,0.289473684210526,0.0263157894736842
"820",0.263157894736842,0.157894736842105,0.131578947368421,0.315789473684211,0.289473684210526,0.0263157894736842
"821",0.263157894736842,0.157894736842105,0.131578947368421,0.315789473684211,0.289473684210526,0.0263157894736842
"822",0.263157894736842,0.157894736842105,0.131578947368421,0.315789473684211,0.289473684210526,0.0263157894736842
"823",0.263157894736842,0.157894736842105,0.131578947368421,0.315789473684211,0.289473684210526,0.0263157894736842
"824",0.263157894736842,0.157894736842105,0.131578947368421,0.315789473684211,0.289473684210526,0.0263157894736842
"825",0.263157894736842,0.157894736842105,0.131578947368421,0.315789473684211,0.289473684210526,0.0263157894736842
"826",0.263157894736842,0.157894736842105,0.131578947368421,0.315789473684211,0.289473684210526,0.0263157894736842
"827",0.263157894736842,0.157894736842105,0.131578947368421,0.315789473684211,0.289473684210526,0.0263157894736842
"828",0.263157894736842,0.157894736842105,0.131578947368421,0.315789473684211,0.289473684210526,0.0263157894736842
"829",0.263157894736842,0.157894736842105,0.131578947368421,0.315789473684211,0.289473684210526,0.0263157894736842
"830",0.263157894736842,0.157894736842105,0.131578947368421,0.315789473684211,0.289473684210526,0.0263157894736842
"831",0.263157894736842,0.157894736842105,0.131578947368421,0.315789473684211,0.289473684210526,0.0263157894736842
"832",0.263157894736842,0.157894736842105,0.131578947368421,0.315789473684211,0.289473684210526,0.0263157894736842
"833",0.263157894736842,0.157894736842105,0.131578947368421,0.315789473684211,0.289473684210526,0.0263157894736842
"834",0.263157894736842,0.157894736842105,0.131578947368421,0.315789473684211,0.289473684210526,0.0263157894736842
"835",0.263157894736842,0.157894736842105,0.131578947368421,0.315789473684211,0.289473684210526,0.0263157894736842
"836",0.263157894736842,0.157894736842105,0.131578947368421,0.315789473684211,0.289473684210526,0.0263157894736842
"837",0.263157894736842,0.157894736842105,0.131578947368421,0.315789473684211,0.289473684210526,0.0263157894736842
"838",0.263157894736842,0.157894736842105,0.131578947368421,0.315789473684211,0.289473684210526,0.0263157894736842
"839",0.263157894736842,0.157894736842105,0.131578947368421,0.315789473684211,0.289473684210526,0.0263157894736842
"840",0.263157894736842,0.157894736842105,0.131578947368421,0.263157894736842,0.236842105263158,0.0263157894736842
"841",0.263157894736842,0.157894736842105,0.131578947368421,0.263157894736842,0.236842105263158,0.0263157894736842
"842",0.263157894736842,0.157894736842105,0.131578947368421,0.263157894736842,0.236842105263158,0.0263157894736842
"843",0.263157894736842,0.157894736842105,0.131578947368421,0.263157894736842,0.236842105263158,0.0263157894736842
"844",0.263157894736842,0.157894736842105,0.131578947368421,0.263157894736842,0.236842105263158,0.0263157894736842
"845",0.263157894736842,0.157894736842105,0.131578947368421,0.263157894736842,0.236842105263158,0.0263157894736842
"846",0.263157894736842,0.157894736842105,0.131578947368421,0.263157894736842,0.236842105263158,0.0263157894736842
"847",0.263157894736842,0.157894736842105,0.131578947368421,0.263157894736842,0.236842105263158,0.0263157894736842
"848",0.263157894736842,0.157894736842105,0.131578947368421,0.263157894736842,0.236842105263158,0.0263157894736842
"849",0.263157894736842,0.157894736842105,0.131578947368421,0.263157894736842,0.236842105263158,0.0263157894736842
"850",0.263157894736842,0.157894736842105,0.131578947368421,0.263157894736842,0.236842105263158,0.0263157894736842
"851",0.263157894736842,0.157894736842105,0.131578947368421,0.263157894736842,0.236842105263158,0.0263157894736842
"852",0.263157894736842,0.157894736842105,0.131578947368421,0.263157894736842,0.236842105263158,0.0263157894736842
"853",0.263157894736842,0.157894736842105,0.131578947368421,0.263157894736842,0.236842105263158,0.0263157894736842
"854",0.263157894736842,0.157894736842105,0.131578947368421,0.263157894736842,0.236842105263158,0.0263157894736842
"855",0.263157894736842,0.157894736842105,0.131578947368421,0.263157894736842,0.236842105263158,0.0263157894736842
"856",0.263157894736842,0.157894736842105,0.131578947368421,0.263157894736842,0.236842105263158,0.0263157894736842
"857",0.263157894736842,0.157894736842105,0.131578947368421,0.263157894736842,0.236842105263158,0.0263157894736842
"858",0.263157894736842,0.157894736842105,0.131578947368421,0.263157894736842,0.236842105263158,0.0263157894736842
"859",0.263157894736842,0.157894736842105,0.131578947368421,0.263157894736842,0.236842105263158,0.0263157894736842
"860",0.263157894736842,0.157894736842105,0.131578947368421,0.263157894736842,0.236842105263158,0.0263157894736842
"861",0.263157894736842,0.157894736842105,0.131578947368421,0.263157894736842,0.236842105263158,0.0263157894736842
"862",0.263157894736842,0.157894736842105,0.131578947368421,0.263157894736842,0.236842105263158,0.0263157894736842
"863",0.263157894736842,0.157894736842105,0.131578947368421,0.263157894736842,0.236842105263158,0.0263157894736842
"864",0.263157894736842,0.157894736842105,0.131578947368421,0.263157894736842,0.236842105263158,0.0263157894736842
"865",0.263157894736842,0.157894736842105,0.131578947368421,0.263157894736842,0.236842105263158,0.0263157894736842
"866",0.263157894736842,0.157894736842105,0.131578947368421,0.263157894736842,0.236842105263158,0.0263157894736842
"867",0.263157894736842,0.157894736842105,0.131578947368421,0.263157894736842,0.236842105263158,0.0263157894736842
"868",0.263157894736842,0.157894736842105,0.131578947368421,0.263157894736842,0.236842105263158,0.0263157894736842
"869",0.263157894736842,0.157894736842105,0.131578947368421,0.263157894736842,0.236842105263158,0.0263157894736842
"870",0.263157894736842,0.157894736842105,0.131578947368421,0.263157894736842,0.236842105263158,0.0263157894736842
"871",0.263157894736842,0.157894736842105,0.131578947368421,0.263157894736842,0.236842105263158,0.0263157894736842
"872",0.263157894736842,0.157894736842105,0.131578947368421,0.263157894736842,0.236842105263158,0.0263157894736842
"873",0.263157894736842,0.157894736842105,0.131578947368421,0.263157894736842,0.236842105263158,0.0263157894736842
"874",0.263157894736842,0.157894736842105,0.131578947368421,0.263157894736842,0.236842105263158,0.0263157894736842
"875",0.263157894736842,0.394736842105263,0.131578947368421,0.552631578947368,0.236842105263158,0.315789473684211
"876",0.263157894736842,0.394736842105263,0.131578947368421,0.552631578947368,0.236842105263158,0.315789473684211
"877",0.263157894736842,0.394736842105263,0.131578947368421,0.552631578947368,0.236842105263158,0.315789473684211
"878",0.263157894736842,0.394736842105263,0.131578947368421,0.552631578947368,0.236842105263158,0.315789473684211
"879",0.263157894736842,0.394736842105263,0.131578947368421,0.552631578947368,0.236842105263158,0.315789473684211
"880",0.105263157894737,0.394736842105263,0.157894736842105,0.394736842105263,0.157894736842105,0.236842105263158
"881",0.105263157894737,0.394736842105263,0.157894736842105,0.394736842105263,0.157894736842105,0.236842105263158
"882",0.105263157894737,0.394736842105263,0.157894736842105,0.394736842105263,0.157894736842105,0.236842105263158
"883",0.105263157894737,0.394736842105263,0.157894736842105,0.394736842105263,0.157894736842105,0.236842105263158
"884",0.105263157894737,0.394736842105263,0.157894736842105,0.394736842105263,0.157894736842105,0.236842105263158
"885",0.105263157894737,0.394736842105263,0.157894736842105,0.394736842105263,0.157894736842105,0.236842105263158
"886",0.105263157894737,0.394736842105263,0.157894736842105,0.394736842105263,0.157894736842105,0.236842105263158
"887",0.105263157894737,0.394736842105263,0.157894736842105,0.394736842105263,0.157894736842105,0.236842105263158
"888",0.105263157894737,0.394736842105263,0.157894736842105,0.394736842105263,0.157894736842105,0.236842105263158
"889",0.105263157894737,0.394736842105263,0.157894736842105,0.394736842105263,0.157894736842105,0.236842105263158
"890",0.105263157894737,0.394736842105263,0.157894736842105,0.394736842105263,0.157894736842105,0.236842105263158
"891",0.105263157894737,0.394736842105263,0.157894736842105,0.394736842105263,0.157894736842105,0.236842105263158
"892",0.105263157894737,0.394736842105263,0.157894736842105,0.394736842105263,0.157894736842105,0.236842105263158
"893",0.105263157894737,0.394736842105263,0.157894736842105,0.394736842105263,0.157894736842105,0.236842105263158
"894",0.105263157894737,0.394736842105263,0.157894736842105,0.394736842105263,0.157894736842105,0.236842105263158
"895",0.105263157894737,0.394736842105263,0.157894736842105,0.394736842105263,0.157894736842105,0.236842105263158
"896",0.105263157894737,0.394736842105263,0.157894736842105,0.394736842105263,0.157894736842105,0.236842105263158
"897",0.105263157894737,0.394736842105263,0.157894736842105,0.394736842105263,0.157894736842105,0.236842105263158
"898",0.105263157894737,0.394736842105263,0.157894736842105,0.394736842105263,0.157894736842105,0.236842105263158
"899",0.105263157894737,0.394736842105263,0.157894736842105,0.394736842105263,0.157894736842105,0.236842105263158
"900",0.421052631578947,0.289473684210526,0.315789473684211,0.394736842105263,0.157894736842105,0.236842105263158
"901",0.421052631578947,0.289473684210526,0.315789473684211,0.394736842105263,0.157894736842105,0.236842105263158
"902",0.421052631578947,0.289473684210526,0.315789473684211,0.394736842105263,0.157894736842105,0.236842105263158
"903",0.421052631578947,0.289473684210526,0.315789473684211,0.394736842105263,0.157894736842105,0.236842105263158
"904",0.421052631578947,0.289473684210526,0.315789473684211,0.394736842105263,0.157894736842105,0.236842105263158
"905",0.421052631578947,0.289473684210526,0.315789473684211,0.394736842105263,0.157894736842105,0.236842105263158
"906",0.421052631578947,0.289473684210526,0.315789473684211,0.394736842105263,0.157894736842105,0.236842105263158
"907",0.421052631578947,0.289473684210526,0.315789473684211,0.394736842105263,0.157894736842105,0.236842105263158
"908",0.421052631578947,0.289473684210526,0.315789473684211,0.394736842105263,0.157894736842105,0.236842105263158
"909",0.421052631578947,0.289473684210526,0.315789473684211,0.394736842105263,0.157894736842105,0.236842105263158
"910",0.421052631578947,0.289473684210526,0.315789473684211,0.394736842105263,0.157894736842105,0.236842105263158
"911",0.421052631578947,0.289473684210526,0.315789473684211,0.394736842105263,0.157894736842105,0.236842105263158
"912",0.421052631578947,0.289473684210526,0.315789473684211,0.394736842105263,0.157894736842105,0.236842105263158
"913",0.421052631578947,0.289473684210526,0.315789473684211,0.394736842105263,0.157894736842105,0.236842105263158
"914",0.421052631578947,0.289473684210526,0.315789473684211,0.394736842105263,0.157894736842105,0.236842105263158
"915",0.421052631578947,0.289473684210526,0.315789473684211,0.394736842105263,0.157894736842105,0.236842105263158
"916",0.421052631578947,0.289473684210526,0.315789473684211,0.394736842105263,0.157894736842105,0.236842105263158
"917",0.421052631578947,0.289473684210526,0.315789473684211,0.394736842105263,0.157894736842105,0.236842105263158
"918",0.421052631578947,0.289473684210526,0.315789473684211,0.394736842105263,0.157894736842105,0.236842105263158
"919",0.421052631578947,0.289473684210526,0.315789473684211,0.394736842105263,0.157894736842105,0.236842105263158
"920",0.421052631578947,0.289473684210526,0.210526315789474,0.342105263157895,0.263157894736842,0.131578947368421
"921",0.421052631578947,0.289473684210526,0.210526315789474,0.342105263157895,0.263157894736842,0.131578947368421
"922",0.421052631578947,0.289473684210526,0.210526315789474,0.342105263157895,0.263157894736842,0.131578947368421
"923",0.421052631578947,0.289473684210526,0.210526315789474,0.342105263157895,0.263157894736842,0.131578947368421
"924",0.421052631578947,0.289473684210526,0.210526315789474,0.342105263157895,0.263157894736842,0.131578947368421
"925",0.421052631578947,0.315789473684211,0.210526315789474,0.526315789473684,0.263157894736842,0.263157894736842
"926",0.421052631578947,0.315789473684211,0.210526315789474,0.526315789473684,0.263157894736842,0.263157894736842
"927",0.421052631578947,0.315789473684211,0.210526315789474,0.526315789473684,0.263157894736842,0.263157894736842
"928",0.421052631578947,0.315789473684211,0.210526315789474,0.526315789473684,0.263157894736842,0.263157894736842
"929",0.421052631578947,0.315789473684211,0.210526315789474,0.526315789473684,0.263157894736842,0.263157894736842
"930",0.421052631578947,0.315789473684211,0.210526315789474,0.526315789473684,0.263157894736842,0.263157894736842
"931",0.421052631578947,0.315789473684211,0.210526315789474,0.526315789473684,0.263157894736842,0.263157894736842
"932",0.421052631578947,0.315789473684211,0.210526315789474,0.526315789473684,0.263157894736842,0.263157894736842
"933",0.421052631578947,0.315789473684211,0.210526315789474,0.526315789473684,0.263157894736842,0.263157894736842
"934",0.421052631578947,0.315789473684211,0.210526315789474,0.526315789473684,0.263157894736842,0.263157894736842
"935",0.421052631578947,0.315789473684211,0.210526315789474,0.526315789473684,0.263157894736842,0.263157894736842
"936",0.421052631578947,0.315789473684211,0.210526315789474,0.526315789473684,0.263157894736842,0.263157894736842
"937",0.421052631578947,0.315789473684211,0.210526315789474,0.526315789473684,0.263157894736842,0.263157894736842
"938",0.421052631578947,0.315789473684211,0.210526315789474,0.526315789473684,0.263157894736842,0.263157894736842
"939",0.421052631578947,0.315789473684211,0.210526315789474,0.526315789473684,0.263157894736842,0.263157894736842
"940",0.421052631578947,0.315789473684211,0.210526315789474,0.526315789473684,0.263157894736842,0.263157894736842
"941",0.421052631578947,0.315789473684211,0.210526315789474,0.526315789473684,0.263157894736842,0.263157894736842
"942",0.421052631578947,0.315789473684211,0.210526315789474,0.526315789473684,0.263157894736842,0.263157894736842
"943",0.421052631578947,0.315789473684211,0.210526315789474,0.526315789473684,0.263157894736842,0.263157894736842
"944",0.421052631578947,0.315789473684211,0.210526315789474,0.526315789473684,0.263157894736842,0.263157894736842
"945",0.421052631578947,0.315789473684211,0.210526315789474,0.526315789473684,0.263157894736842,0.263157894736842
"946",0.421052631578947,0.315789473684211,0.210526315789474,0.526315789473684,0.263157894736842,0.263157894736842
"947",0.421052631578947,0.315789473684211,0.210526315789474,0.526315789473684,0.263157894736842,0.263157894736842
"948",0.421052631578947,0.315789473684211,0.210526315789474,0.526315789473684,0.263157894736842,0.263157894736842
"949",0.421052631578947,0.315789473684211,0.210526315789474,0.526315789473684,0.263157894736842,0.263157894736842
"950",0.421052631578947,0.315789473684211,0.210526315789474,0.526315789473684,0.263157894736842,0.263157894736842
"951",0.421052631578947,0.315789473684211,0.210526315789474,0.526315789473684,0.263157894736842,0.263157894736842
"952",0.421052631578947,0.315789473684211,0.210526315789474,0.526315789473684,0.263157894736842,0.263157894736842
"953",0.421052631578947,0.315789473684211,0.210526315789474,0.526315789473684,0.263157894736842,0.263157894736842
"954",0.421052631578947,0.315789473684211,0.210526315789474,0.526315789473684,0.263157894736842,0.263157894736842
"955",0.421052631578947,0.315789473684211,0.210526315789474,0.526315789473684,0.263157894736842,0.263157894736842
"956",0.421052631578947,0.315789473684211,0.210526315789474,0.526315789473684,0.263157894736842,0.263157894736842
"957",0.421052631578947,0.315789473684211,0.210526315789474,0.526315789473684,0.263157894736842,0.263157894736842
"958",0.421052631578947,0.315789473684211,0.210526315789474,0.526315789473684,0.263157894736842,0.263157894736842
"959",0.421052631578947,0.315789473684211,0.210526315789474,0.526315789473684,0.263157894736842,0.263157894736842
"960",0.421052631578947,0.315789473684211,0.210526315789474,0.526315789473684,0.263157894736842,0.263157894736842
"961",0.421052631578947,0.315789473684211,0.210526315789474,0.526315789473684,0.263157894736842,0.263157894736842
"962",0.421052631578947,0.315789473684211,0.210526315789474,0.526315789473684,0.263157894736842,0.263157894736842
"963",0.421052631578947,0.315789473684211,0.210526315789474,0.526315789473684,0.263157894736842,0.263157894736842
"964",0.421052631578947,0.315789473684211,0.210526315789474,0.526315789473684,0.263157894736842,0.263157894736842
"965",0.421052631578947,0.315789473684211,0.210526315789474,0.526315789473684,0.263157894736842,0.263157894736842
"966",0.421052631578947,0.315789473684211,0.210526315789474,0.526315789473684,0.263157894736842,0.263157894736842
"967",0.421052631578947,0.315789473684211,0.210526315789474,0.526315789473684,0.263157894736842,0.263157894736842
"968",0.421052631578947,0.315789473684211,0.210526315789474,0.526315789473684,0.263157894736842,0.263157894736842
"969",0.421052631578947,0.315789473684211,0.210526315789474,0.526315789473684,0.263157894736842,0.263157894736842
"970",0.421052631578947,0.315789473684211,0.210526315789474,0.526315789473684,0.263157894736842,0.263157894736842
"971",0.421052631578947,0.315789473684211,0.210526315789474,0.526315789473684,0.263157894736842,0.263157894736842
"972",0.421052631578947,0.315789473684211,0.210526315789474,0.526315789473684,0.263157894736842,0.263157894736842
"973",0.421052631578947,0.315789473684211,0.210526315789474,0.526315789473684,0.263157894736842,0.263157894736842
"974",0.421052631578947,0.315789473684211,0.210526315789474,0.526315789473684,0.263157894736842,0.263157894736842
"975",0.421052631578947,0.526315789473684,0.210526315789474,0.842105263157895,0.263157894736842,0.578947368421053
"976",0.421052631578947,0.526315789473684,0.210526315789474,0.842105263157895,0.263157894736842,0.578947368421053
"977",0.421052631578947,0.526315789473684,0.210526315789474,0.842105263157895,0.263157894736842,0.578947368421053
"978",0.421052631578947,0.526315789473684,0.210526315789474,0.842105263157895,0.263157894736842,0.578947368421053
"979",0.421052631578947,0.526315789473684,0.210526315789474,0.842105263157895,0.263157894736842,0.578947368421053
"980",0.342105263157895,0.526315789473684,0.421052631578947,0.5,0.447368421052632,0.105263157894737
"981",0.342105263157895,0.526315789473684,0.421052631578947,0.5,0.447368421052632,0.105263157894737
"982",0.342105263157895,0.526315789473684,0.421052631578947,0.5,0.447368421052632,0.105263157894737
"983",0.342105263157895,0.526315789473684,0.421052631578947,0.5,0.447368421052632,0.105263157894737
"984",0.342105263157895,0.526315789473684,0.421052631578947,0.5,0.447368421052632,0.105263157894737
"985",0.342105263157895,0.526315789473684,0.421052631578947,0.5,0.447368421052632,0.105263157894737
"986",0.342105263157895,0.526315789473684,0.421052631578947,0.5,0.447368421052632,0.105263157894737
"987",0.342105263157895,0.526315789473684,0.421052631578947,0.5,0.447368421052632,0.105263157894737
"988",0.342105263157895,0.526315789473684,0.421052631578947,0.5,0.447368421052632,0.105263157894737
"989",0.342105263157895,0.526315789473684,0.421052631578947,0.5,0.447368421052632,0.105263157894737
"990",0.342105263157895,0.526315789473684,0.421052631578947,0.5,0.447368421052632,0.105263157894737
"991",0.342105263157895,0.526315789473684,0.421052631578947,0.5,0.447368421052632,0.105263157894737
"992",0.342105263157895,0.526315789473684,0.421052631578947,0.5,0.447368421052632,0.105263157894737
"993",0.342105263157895,0.526315789473684,0.421052631578947,0.5,0.447368421052632,0.105263157894737
"994",0.342105263157895,0.526315789473684,0.421052631578947,0.5,0.447368421052632,0.105263157894737
"995",0.342105263157895,0.526315789473684,0.421052631578947,0.5,0.447368421052632,0.105263157894737
"996",0.342105263157895,0.526315789473684,0.421052631578947,0.5,0.447368421052632,0.105263157894737
"997",0.342105263157895,0.526315789473684,0.421052631578947,0.5,0.447368421052632,0.105263157894737
"998",0.342105263157895,0.526315789473684,0.421052631578947,0.5,0.447368421052632,0.105263157894737
"999",0.342105263157895,0.526315789473684,0.421052631578947,0.5,0.447368421052632,0.105263157894737
"1000",0.394736842105263,0.631578947368421,0.526315789473684,0.5,0.447368421052632,0.105263157894737
"1001",0.394736842105263,0.631578947368421,0.526315789473684,0.5,0.447368421052632,0.105263157894737
"1002",0.394736842105263,0.631578947368421,0.526315789473684,0.5,0.447368421052632,0.105263157894737
"1003",0.394736842105263,0.631578947368421,0.526315789473684,0.5,0.447368421052632,0.105263157894737
"1004",0.394736842105263,0.631578947368421,0.526315789473684,0.5,0.447368421052632,0.105263157894737
"1005",0.394736842105263,0.631578947368421,0.526315789473684,0.5,0.447368421052632,0.105263157894737
"1006",0.394736842105263,0.631578947368421,0.526315789473684,0.5,0.447368421052632,0.105263157894737
"1007",0.394736842105263,0.631578947368421,0.526315789473684,0.5,0.447368421052632,0.105263157894737
"1008",0.394736842105263,0.631578947368421,0.526315789473684,0.5,0.447368421052632,0.105263157894737
"1009",0.394736842105263,0.631578947368421,0.526315789473684,0.5,0.447368421052632,0.105263157894737
"1010",0.394736842105263,0.631578947368421,0.526315789473684,0.5,0.447368421052632,0.105263157894737
"1011",0.394736842105263,0.631578947368421,0.526315789473684,0.5,0.447368421052632,0.105263157894737
"1012",0.394736842105263,0.631578947368421,0.526315789473684,0.5,0.447368421052632,0.105263157894737
"1013",0.394736842105263,0.631578947368421,0.526315789473684,0.5,0.447368421052632,0.105263157894737
"1014",0.394736842105263,0.631578947368421,0.526315789473684,0.5,0.447368421052632,0.105263157894737
"1015",0.394736842105263,0.631578947368421,0.526315789473684,0.5,0.447368421052632,0.105263157894737
"1016",0.394736842105263,0.631578947368421,0.526315789473684,0.5,0.447368421052632,0.105263157894737
"1017",0.394736842105263,0.631578947368421,0.526315789473684,0.5,0.447368421052632,0.105263157894737
"1018",0.394736842105263,0.631578947368421,0.526315789473684,0.5,0.447368421052632,0.105263157894737
"1019",0.394736842105263,0.631578947368421,0.526315789473684,0.5,0.447368421052632,0.105263157894737
"1020",0.394736842105263,0.631578947368421,0.526315789473684,0.710526315789474,0.605263157894737,0.157894736842105
"1021",0.394736842105263,0.631578947368421,0.526315789473684,0.710526315789474,0.605263157894737,0.157894736842105
"1022",0.394736842105263,0.631578947368421,0.526315789473684,0.710526315789474,0.605263157894737,0.157894736842105
"1023",0.394736842105263,0.631578947368421,0.526315789473684,0.710526315789474,0.605263157894737,0.157894736842105
"1024",0.394736842105263,0.631578947368421,0.526315789473684,0.710526315789474,0.605263157894737,0.157894736842105
"1025",0.394736842105263,0.631578947368421,0.526315789473684,0.710526315789474,0.605263157894737,0.157894736842105
"1026",0.394736842105263,0.631578947368421,0.526315789473684,0.710526315789474,0.605263157894737,0.157894736842105
"1027",0.394736842105263,0.631578947368421,0.526315789473684,0.710526315789474,0.605263157894737,0.157894736842105
"1028",0.394736842105263,0.631578947368421,0.526315789473684,0.710526315789474,0.605263157894737,0.157894736842105
"1029",0.394736842105263,0.631578947368421,0.526315789473684,0.710526315789474,0.605263157894737,0.157894736842105
"1030",0.394736842105263,0.631578947368421,0.526315789473684,0.710526315789474,0.605263157894737,0.157894736842105
"1031",0.394736842105263,0.631578947368421,0.526315789473684,0.710526315789474,0.605263157894737,0.157894736842105
"1032",0.394736842105263,0.631578947368421,0.526315789473684,0.710526315789474,0.605263157894737,0.157894736842105
"1033",0.394736842105263,0.631578947368421,0.526315789473684,0.710526315789474,0.605263157894737,0.157894736842105
"1034",0.394736842105263,0.631578947368421,0.526315789473684,0.710526315789474,0.605263157894737,0.157894736842105
"1035",0.394736842105263,0.631578947368421,0.526315789473684,0.710526315789474,0.605263157894737,0.157894736842105
"1036",0.394736842105263,0.631578947368421,0.526315789473684,0.710526315789474,0.605263157894737,0.157894736842105
"1037",0.394736842105263,0.631578947368421,0.526315789473684,0.710526315789474,0.605263157894737,0.157894736842105
"1038",0.394736842105263,0.631578947368421,0.526315789473684,0.710526315789474,0.605263157894737,0.157894736842105
"1039",0.394736842105263,0.631578947368421,0.526315789473684,0.710526315789474,0.605263157894737,0.157894736842105
"1040",0.394736842105263,0.631578947368421,0.526315789473684,0.710526315789474,0.605263157894737,0.157894736842105
"1041",0.394736842105263,0.631578947368421,0.526315789473684,0.710526315789474,0.605263157894737,0.157894736842105
"1042",0.394736842105263,0.631578947368421,0.526315789473684,0.710526315789474,0.605263157894737,0.157894736842105
"1043",0.394736842105263,0.631578947368421,0.526315789473684,0.710526315789474,0.605263157894737,0.157894736842105
"1044",0.394736842105263,0.631578947368421,0.526315789473684,0.710526315789474,0.605263157894737,0.157894736842105
"1045",0.394736842105263,0.631578947368421,0.526315789473684,0.710526315789474,0.605263157894737,0.157894736842105
"1046",0.394736842105263,0.631578947368421,0.526315789473684,0.710526315789474,0.605263157894737,0.157894736842105
"1047",0.394736842105263,0.631578947368421,0.526315789473684,0.710526315789474,0.605263157894737,0.157894736842105
"1048",0.394736842105263,0.631578947368421,0.526315789473684,0.710526315789474,0.605263157894737,0.157894736842105
"1049",0.394736842105263,0.631578947368421,0.526315789473684,0.710526315789474,0.605263157894737,0.157894736842105
"1050",0.631578947368421,0.157894736842105,0.184210526315789,0.789473684210526,0.605263157894737,0.184210526315789
"1051",0.631578947368421,0.184210526315789,0.184210526315789,0.763157894736842,0.605263157894737,0.157894736842105
"1052",0.631578947368421,0.184210526315789,0.184210526315789,0.763157894736842,0.605263157894737,0.157894736842105
"1053",0.631578947368421,0.184210526315789,0.184210526315789,0.763157894736842,0.605263157894737,0.157894736842105
"1054",0.631578947368421,0.184210526315789,0.184210526315789,0.763157894736842,0.605263157894737,0.157894736842105
"1055",0.631578947368421,0.184210526315789,0.184210526315789,0.763157894736842,0.605263157894737,0.157894736842105
"1056",0.631578947368421,0.184210526315789,0.184210526315789,0.763157894736842,0.605263157894737,0.157894736842105
"1057",0.631578947368421,0.184210526315789,0.184210526315789,0.763157894736842,0.605263157894737,0.157894736842105
"1058",0.631578947368421,0.184210526315789,0.184210526315789,0.763157894736842,0.605263157894737,0.157894736842105
"1059",0.631578947368421,0.184210526315789,0.184210526315789,0.763157894736842,0.605263157894737,0.157894736842105
"1060",0.473684210526316,0.184210526315789,0.105263157894737,0.552631578947368,0.526315789473684,0.0789473684210526
"1061",0.473684210526316,0.184210526315789,0.105263157894737,0.552631578947368,0.526315789473684,0.0789473684210526
"1062",0.473684210526316,0.184210526315789,0.105263157894737,0.552631578947368,0.526315789473684,0.0789473684210526
"1063",0.473684210526316,0.184210526315789,0.105263157894737,0.552631578947368,0.526315789473684,0.0789473684210526
"1064",0.473684210526316,0.184210526315789,0.105263157894737,0.552631578947368,0.526315789473684,0.0789473684210526
"1065",0.473684210526316,0.184210526315789,0.105263157894737,0.552631578947368,0.526315789473684,0.0789473684210526
"1066",0.473684210526316,0.184210526315789,0.105263157894737,0.552631578947368,0.526315789473684,0.0789473684210526
"1067",0.473684210526316,0.184210526315789,0.105263157894737,0.552631578947368,0.526315789473684,0.0789473684210526
"1068",0.473684210526316,0.184210526315789,0.105263157894737,0.552631578947368,0.526315789473684,0.0789473684210526
"1069",0.473684210526316,0.184210526315789,0.105263157894737,0.552631578947368,0.526315789473684,0.0789473684210526
"1070",0.473684210526316,0.184210526315789,0.105263157894737,0.552631578947368,0.526315789473684,0.0789473684210526
"1071",0.473684210526316,0.184210526315789,0.105263157894737,0.552631578947368,0.526315789473684,0.0789473684210526
"1072",0.473684210526316,0.184210526315789,0.105263157894737,0.552631578947368,0.526315789473684,0.0789473684210526
"1073",0.473684210526316,0.184210526315789,0.105263157894737,0.552631578947368,0.526315789473684,0.0789473684210526
"1074",0.473684210526316,0.184210526315789,0.105263157894737,0.552631578947368,0.526315789473684,0.0789473684210526
"1075",0.473684210526316,0.184210526315789,0.105263157894737,0.552631578947368,0.526315789473684,0.0789473684210526
"1076",0.473684210526316,0.184210526315789,0.105263157894737,0.552631578947368,0.526315789473684,0.0789473684210526
"1077",0.473684210526316,0.184210526315789,0.105263157894737,0.552631578947368,0.526315789473684,0.0789473684210526
"1078",0.473684210526316,0.184210526315789,0.105263157894737,0.552631578947368,0.526315789473684,0.0789473684210526
"1079",0.473684210526316,0.184210526315789,0.105263157894737,0.552631578947368,0.526315789473684,0.0789473684210526
"1080",0.473684210526316,0.184210526315789,0.105263157894737,0.552631578947368,0.526315789473684,0.0789473684210526
"1081",0.473684210526316,0.184210526315789,0.105263157894737,0.552631578947368,0.526315789473684,0.0789473684210526
"1082",0.473684210526316,0.184210526315789,0.105263157894737,0.552631578947368,0.526315789473684,0.0789473684210526
"1083",0.473684210526316,0.184210526315789,0.105263157894737,0.552631578947368,0.526315789473684,0.0789473684210526
"1084",0.473684210526316,0.184210526315789,0.105263157894737,0.552631578947368,0.526315789473684,0.0789473684210526
"1085",0.473684210526316,0.184210526315789,0.105263157894737,0.552631578947368,0.526315789473684,0.0789473684210526
"1086",0.473684210526316,0.184210526315789,0.105263157894737,0.552631578947368,0.526315789473684,0.0789473684210526
"1087",0.473684210526316,0.184210526315789,0.105263157894737,0.552631578947368,0.526315789473684,0.0789473684210526
"1088",0.473684210526316,0.184210526315789,0.105263157894737,0.552631578947368,0.526315789473684,0.0789473684210526
"1089",0.473684210526316,0.184210526315789,0.105263157894737,0.552631578947368,0.526315789473684,0.0789473684210526
"1090",0.473684210526316,0.184210526315789,0.105263157894737,0.552631578947368,0.526315789473684,0.0789473684210526
"1091",0.473684210526316,0.184210526315789,0.105263157894737,0.552631578947368,0.526315789473684,0.0789473684210526
"1092",0.473684210526316,0.184210526315789,0.105263157894737,0.552631578947368,0.526315789473684,0.0789473684210526
"1093",0.473684210526316,0.184210526315789,0.105263157894737,0.552631578947368,0.526315789473684,0.0789473684210526
"1094",0.473684210526316,0.184210526315789,0.105263157894737,0.552631578947368,0.526315789473684,0.0789473684210526
"1095",0.473684210526316,0.184210526315789,0.105263157894737,0.552631578947368,0.526315789473684,0.0789473684210526
"1096",0.473684210526316,0.184210526315789,0.105263157894737,0.552631578947368,0.526315789473684,0.0789473684210526
"1097",0.473684210526316,0.184210526315789,0.105263157894737,0.552631578947368,0.526315789473684,0.0789473684210526
"1098",0.473684210526316,0.184210526315789,0.105263157894737,0.552631578947368,0.526315789473684,0.0789473684210526
"1099",0.473684210526316,0.184210526315789,0.105263157894737,0.552631578947368,0.526315789473684,0.0789473684210526
"1100",0.5,0.184210526315789,0.289473684210526,0.631578947368421,0.368421052631579,0.315789473684211
"1101",0.5,0.184210526315789,0.289473684210526,0.631578947368421,0.368421052631579,0.315789473684211
"1102",0.5,0.184210526315789,0.289473684210526,0.631578947368421,0.368421052631579,0.315789473684211
"1103",0.5,0.184210526315789,0.289473684210526,0.631578947368421,0.368421052631579,0.315789473684211
"1104",0.5,0.184210526315789,0.289473684210526,0.631578947368421,0.368421052631579,0.315789473684211
"1105",0.5,0.184210526315789,0.289473684210526,0.631578947368421,0.368421052631579,0.315789473684211
"1106",0.5,0.184210526315789,0.289473684210526,0.631578947368421,0.368421052631579,0.315789473684211
"1107",0.5,0.184210526315789,0.289473684210526,0.631578947368421,0.368421052631579,0.315789473684211
"1108",0.5,0.184210526315789,0.289473684210526,0.631578947368421,0.368421052631579,0.315789473684211
"1109",0.5,0.184210526315789,0.289473684210526,0.631578947368421,0.368421052631579,0.315789473684211
"1110",0.5,0.184210526315789,0.289473684210526,0.631578947368421,0.368421052631579,0.315789473684211
"1111",0.5,0.184210526315789,0.289473684210526,0.631578947368421,0.368421052631579,0.315789473684211
"1112",0.5,0.184210526315789,0.289473684210526,0.631578947368421,0.368421052631579,0.315789473684211
"1113",0.5,0.184210526315789,0.289473684210526,0.631578947368421,0.368421052631579,0.315789473684211
"1114",0.5,0.184210526315789,0.289473684210526,0.631578947368421,0.368421052631579,0.315789473684211
"1115",0.5,0.184210526315789,0.289473684210526,0.631578947368421,0.368421052631579,0.315789473684211
"1116",0.5,0.184210526315789,0.289473684210526,0.631578947368421,0.368421052631579,0.315789473684211
"1117",0.5,0.184210526315789,0.289473684210526,0.631578947368421,0.368421052631579,0.315789473684211
"1118",0.5,0.184210526315789,0.289473684210526,0.631578947368421,0.368421052631579,0.315789473684211
"1119",0.5,0.184210526315789,0.289473684210526,0.631578947368421,0.368421052631579,0.315789473684211
"1120",0.5,0.184210526315789,0.289473684210526,0.631578947368421,0.368421052631579,0.315789473684211
"1121",0.5,0.184210526315789,0.289473684210526,0.631578947368421,0.368421052631579,0.315789473684211
"1122",0.5,0.184210526315789,0.289473684210526,0.631578947368421,0.368421052631579,0.315789473684211
"1123",0.5,0.184210526315789,0.289473684210526,0.631578947368421,0.368421052631579,0.315789473684211
"1124",0.5,0.184210526315789,0.289473684210526,0.631578947368421,0.368421052631579,0.315789473684211
"1125",0.5,0.184210526315789,0.289473684210526,0.631578947368421,0.368421052631579,0.315789473684211
"1126",0.5,0.184210526315789,0.289473684210526,0.631578947368421,0.368421052631579,0.315789473684211
"1127",0.5,0.184210526315789,0.289473684210526,0.631578947368421,0.368421052631579,0.315789473684211
"1128",0.5,0.184210526315789,0.289473684210526,0.631578947368421,0.368421052631579,0.315789473684211
"1129",0.5,0.184210526315789,0.289473684210526,0.631578947368421,0.368421052631579,0.315789473684211
"1130",0.5,0.184210526315789,0.289473684210526,0.631578947368421,0.368421052631579,0.315789473684211
"1131",0.5,0.184210526315789,0.289473684210526,0.631578947368421,0.368421052631579,0.315789473684211
"1132",0.5,0.184210526315789,0.289473684210526,0.631578947368421,0.368421052631579,0.315789473684211
"1133",0.5,0.184210526315789,0.289473684210526,0.631578947368421,0.368421052631579,0.315789473684211
"1134",0.5,0.184210526315789,0.289473684210526,0.631578947368421,0.368421052631579,0.315789473684211
"1135",0.5,0.184210526315789,0.289473684210526,0.631578947368421,0.368421052631579,0.315789473684211
"1136",0.5,0.184210526315789,0.289473684210526,0.631578947368421,0.368421052631579,0.315789473684211
"1137",0.5,0.184210526315789,0.289473684210526,0.631578947368421,0.368421052631579,0.315789473684211
"1138",0.5,0.184210526315789,0.289473684210526,0.631578947368421,0.368421052631579,0.315789473684211
"1139",0.5,0.184210526315789,0.289473684210526,0.631578947368421,0.368421052631579,0.315789473684211
"1140",0.657894736842105,0.184210526315789,0.289473684210526,0.684210526315789,0.421052631578947,0.315789473684211
"1141",0.657894736842105,0.184210526315789,0.289473684210526,0.684210526315789,0.421052631578947,0.315789473684211
"1142",0.657894736842105,0.184210526315789,0.289473684210526,0.684210526315789,0.421052631578947,0.315789473684211
"1143",0.657894736842105,0.184210526315789,0.289473684210526,0.684210526315789,0.421052631578947,0.315789473684211
"1144",0.657894736842105,0.184210526315789,0.289473684210526,0.684210526315789,0.421052631578947,0.315789473684211
"1145",0.657894736842105,0.184210526315789,0.289473684210526,0.684210526315789,0.421052631578947,0.315789473684211
"1146",0.657894736842105,0.184210526315789,0.289473684210526,0.684210526315789,0.421052631578947,0.315789473684211
"1147",0.657894736842105,0.184210526315789,0.289473684210526,0.684210526315789,0.421052631578947,0.315789473684211
"1148",0.657894736842105,0.184210526315789,0.289473684210526,0.684210526315789,0.421052631578947,0.315789473684211
"1149",0.657894736842105,0.184210526315789,0.289473684210526,0.684210526315789,0.421052631578947,0.315789473684211
"1150",0.236842105263158,0.868421052631579,0.552631578947368,0.684210526315789,0.421052631578947,0.315789473684211
"1151",0.236842105263158,0.868421052631579,0.552631578947368,0.684210526315789,0.421052631578947,0.315789473684211
"1152",0.236842105263158,0.868421052631579,0.552631578947368,0.684210526315789,0.421052631578947,0.315789473684211
"1153",0.236842105263158,0.868421052631579,0.552631578947368,0.684210526315789,0.421052631578947,0.315789473684211
"1154",0.236842105263158,0.868421052631579,0.552631578947368,0.684210526315789,0.421052631578947,0.315789473684211
"1155",0.236842105263158,0.868421052631579,0.552631578947368,0.684210526315789,0.421052631578947,0.315789473684211
"1156",0.236842105263158,0.868421052631579,0.552631578947368,0.684210526315789,0.421052631578947,0.315789473684211
"1157",0.236842105263158,0.868421052631579,0.552631578947368,0.684210526315789,0.421052631578947,0.315789473684211
"1158",0.236842105263158,0.868421052631579,0.552631578947368,0.684210526315789,0.421052631578947,0.315789473684211
"1159",0.236842105263158,0.868421052631579,0.552631578947368,0.684210526315789,0.421052631578947,0.315789473684211
"1160",0.236842105263158,0.868421052631579,0.552631578947368,0.684210526315789,0.421052631578947,0.315789473684211
"1161",0.236842105263158,0.868421052631579,0.552631578947368,0.684210526315789,0.421052631578947,0.315789473684211
"1162",0.236842105263158,0.868421052631579,0.552631578947368,0.684210526315789,0.421052631578947,0.315789473684211
"1163",0.236842105263158,0.868421052631579,0.552631578947368,0.684210526315789,0.421052631578947,0.315789473684211
"1164",0.236842105263158,0.868421052631579,0.552631578947368,0.684210526315789,0.421052631578947,0.315789473684211
"1165",0.236842105263158,0.868421052631579,0.552631578947368,0.684210526315789,0.421052631578947,0.315789473684211
"1166",0.236842105263158,0.868421052631579,0.552631578947368,0.684210526315789,0.421052631578947,0.315789473684211
"1167",0.236842105263158,0.868421052631579,0.552631578947368,0.684210526315789,0.421052631578947,0.315789473684211
"1168",0.236842105263158,0.868421052631579,0.552631578947368,0.684210526315789,0.421052631578947,0.315789473684211
"1169",0.236842105263158,0.868421052631579,0.552631578947368,0.684210526315789,0.421052631578947,0.315789473684211
"1170",0.236842105263158,0.868421052631579,0.552631578947368,0.684210526315789,0.421052631578947,0.315789473684211
"1171",0.236842105263158,0.868421052631579,0.552631578947368,0.684210526315789,0.421052631578947,0.315789473684211
"1172",0.236842105263158,0.868421052631579,0.552631578947368,0.684210526315789,0.421052631578947,0.315789473684211
"1173",0.236842105263158,0.868421052631579,0.552631578947368,0.684210526315789,0.421052631578947,0.315789473684211
"1174",0.236842105263158,0.868421052631579,0.552631578947368,0.684210526315789,0.421052631578947,0.315789473684211
"1175",0.236842105263158,0.868421052631579,0.552631578947368,0.684210526315789,0.421052631578947,0.315789473684211
"1176",0.236842105263158,0.447368421052632,0.552631578947368,0.315789473684211,0.421052631578947,0.105263157894737
"1177",0.236842105263158,0.447368421052632,0.552631578947368,0.315789473684211,0.421052631578947,0.105263157894737
"1178",0.236842105263158,0.447368421052632,0.552631578947368,0.315789473684211,0.421052631578947,0.105263157894737
"1179",0.236842105263158,0.447368421052632,0.552631578947368,0.315789473684211,0.421052631578947,0.105263157894737
"1180",0.157894736842105,0.447368421052632,0.342105263157895,0.394736842105263,0.289473684210526,0.105263157894737
"1181",0.157894736842105,0.447368421052632,0.342105263157895,0.394736842105263,0.289473684210526,0.105263157894737
"1182",0.157894736842105,0.447368421052632,0.342105263157895,0.394736842105263,0.289473684210526,0.105263157894737
"1183",0.157894736842105,0.447368421052632,0.342105263157895,0.394736842105263,0.289473684210526,0.105263157894737
"1184",0.157894736842105,0.447368421052632,0.342105263157895,0.394736842105263,0.289473684210526,0.105263157894737
"1185",0.157894736842105,0.447368421052632,0.342105263157895,0.394736842105263,0.289473684210526,0.105263157894737
"1186",0.157894736842105,0.447368421052632,0.342105263157895,0.394736842105263,0.289473684210526,0.105263157894737
"1187",0.157894736842105,0.447368421052632,0.342105263157895,0.394736842105263,0.289473684210526,0.105263157894737
"1188",0.157894736842105,0.447368421052632,0.342105263157895,0.394736842105263,0.289473684210526,0.105263157894737
"1189",0.157894736842105,0.447368421052632,0.342105263157895,0.394736842105263,0.289473684210526,0.105263157894737
"1190",0.157894736842105,0.447368421052632,0.342105263157895,0.394736842105263,0.289473684210526,0.105263157894737
"1191",0.157894736842105,0.447368421052632,0.342105263157895,0.394736842105263,0.289473684210526,0.105263157894737
"1192",0.157894736842105,0.447368421052632,0.342105263157895,0.394736842105263,0.289473684210526,0.105263157894737
"1193",0.157894736842105,0.447368421052632,0.342105263157895,0.394736842105263,0.289473684210526,0.105263157894737
"1194",0.157894736842105,0.447368421052632,0.342105263157895,0.394736842105263,0.289473684210526,0.105263157894737
"1195",0.157894736842105,0.447368421052632,0.342105263157895,0.394736842105263,0.289473684210526,0.105263157894737
"1196",0.157894736842105,0.447368421052632,0.342105263157895,0.394736842105263,0.289473684210526,0.105263157894737
"1197",0.157894736842105,0.447368421052632,0.342105263157895,0.394736842105263,0.289473684210526,0.105263157894737
"1198",0.157894736842105,0.447368421052632,0.342105263157895,0.394736842105263,0.289473684210526,0.105263157894737
"1199",0.157894736842105,0.447368421052632,0.342105263157895,0.394736842105263,0.289473684210526,0.105263157894737
"1200",0.157894736842105,0.447368421052632,0.342105263157895,0.394736842105263,0.289473684210526,0.105263157894737
"1201",0.157894736842105,0.447368421052632,0.342105263157895,0.394736842105263,0.289473684210526,0.105263157894737
"1202",0.157894736842105,0.447368421052632,0.342105263157895,0.394736842105263,0.289473684210526,0.105263157894737
"1203",0.157894736842105,0.447368421052632,0.342105263157895,0.394736842105263,0.289473684210526,0.105263157894737
"1204",0.157894736842105,0.447368421052632,0.342105263157895,0.394736842105263,0.289473684210526,0.105263157894737
"1205",0.157894736842105,0.447368421052632,0.342105263157895,0.394736842105263,0.289473684210526,0.105263157894737
"1206",0.157894736842105,0.447368421052632,0.342105263157895,0.394736842105263,0.289473684210526,0.105263157894737
"1207",0.157894736842105,0.447368421052632,0.342105263157895,0.394736842105263,0.289473684210526,0.105263157894737
"1208",0.157894736842105,0.447368421052632,0.342105263157895,0.394736842105263,0.289473684210526,0.105263157894737
"1209",0.157894736842105,0.447368421052632,0.342105263157895,0.394736842105263,0.289473684210526,0.105263157894737
"1210",0.157894736842105,0.447368421052632,0.342105263157895,0.394736842105263,0.289473684210526,0.105263157894737
"1211",0.157894736842105,0.447368421052632,0.342105263157895,0.394736842105263,0.289473684210526,0.105263157894737
"1212",0.157894736842105,0.447368421052632,0.342105263157895,0.394736842105263,0.289473684210526,0.105263157894737
"1213",0.157894736842105,0.447368421052632,0.342105263157895,0.394736842105263,0.289473684210526,0.105263157894737
"1214",0.157894736842105,0.447368421052632,0.342105263157895,0.394736842105263,0.289473684210526,0.105263157894737
"1215",0.157894736842105,0.447368421052632,0.342105263157895,0.394736842105263,0.289473684210526,0.105263157894737
"1216",0.157894736842105,0.447368421052632,0.342105263157895,0.394736842105263,0.289473684210526,0.105263157894737
"1217",0.157894736842105,0.447368421052632,0.342105263157895,0.394736842105263,0.289473684210526,0.105263157894737
"1218",0.157894736842105,0.447368421052632,0.342105263157895,0.394736842105263,0.289473684210526,0.105263157894737
"1219",0.157894736842105,0.447368421052632,0.342105263157895,0.394736842105263,0.289473684210526,0.105263157894737
"1220",0.157894736842105,0.447368421052632,0.342105263157895,0.394736842105263,0.289473684210526,0.105263157894737
"1221",0.157894736842105,0.447368421052632,0.342105263157895,0.394736842105263,0.289473684210526,0.105263157894737
"1222",0.157894736842105,0.447368421052632,0.342105263157895,0.394736842105263,0.289473684210526,0.105263157894737
"1223",0.157894736842105,0.447368421052632,0.342105263157895,0.394736842105263,0.289473684210526,0.105263157894737
"1224",0.157894736842105,0.447368421052632,0.342105263157895,0.394736842105263,0.289473684210526,0.105263157894737
"1225",0.0789473684210526,0.447368421052632,0.342105263157895,0.473684210526316,0.368421052631579,0.105263157894737
"1226",0.0789473684210526,0.447368421052632,0.342105263157895,0.473684210526316,0.368421052631579,0.105263157894737
"1227",0.0789473684210526,0.447368421052632,0.342105263157895,0.473684210526316,0.368421052631579,0.105263157894737
"1228",0.0789473684210526,0.447368421052632,0.342105263157895,0.473684210526316,0.368421052631579,0.105263157894737
"1229",0.0789473684210526,0.447368421052632,0.342105263157895,0.473684210526316,0.368421052631579,0.105263157894737
"1230",0.0789473684210526,0.447368421052632,0.342105263157895,0.473684210526316,0.368421052631579,0.105263157894737
"1231",0.0789473684210526,0.447368421052632,0.342105263157895,0.473684210526316,0.368421052631579,0.105263157894737
"1232",0.0789473684210526,0.447368421052632,0.342105263157895,0.473684210526316,0.368421052631579,0.105263157894737
"1233",0.0789473684210526,0.447368421052632,0.342105263157895,0.473684210526316,0.368421052631579,0.105263157894737
"1234",0.0789473684210526,0.447368421052632,0.342105263157895,0.473684210526316,0.368421052631579,0.105263157894737
"1235",0.0789473684210526,0.447368421052632,0.342105263157895,0.473684210526316,0.368421052631579,0.105263157894737
"1236",0.0789473684210526,0.447368421052632,0.342105263157895,0.473684210526316,0.368421052631579,0.105263157894737
"1237",0.0789473684210526,0.447368421052632,0.342105263157895,0.473684210526316,0.368421052631579,0.105263157894737
"1238",0.0789473684210526,0.447368421052632,0.342105263157895,0.473684210526316,0.368421052631579,0.105263157894737
"1239",0.0789473684210526,0.447368421052632,0.342105263157895,0.473684210526316,0.368421052631579,0.105263157894737
"1240",0.0789473684210526,0.447368421052632,0.342105263157895,0.473684210526316,0.368421052631579,0.105263157894737
"1241",0.0789473684210526,0.447368421052632,0.342105263157895,0.473684210526316,0.368421052631579,0.105263157894737
"1242",0.0789473684210526,0.447368421052632,0.342105263157895,0.473684210526316,0.368421052631579,0.105263157894737
"1243",0.0789473684210526,0.447368421052632,0.342105263157895,0.473684210526316,0.368421052631579,0.105263157894737
"1244",0.0789473684210526,0.447368421052632,0.342105263157895,0.473684210526316,0.368421052631579,0.105263157894737
"1245",0.0789473684210526,0.447368421052632,0.342105263157895,0.473684210526316,0.368421052631579,0.105263157894737
"1246",0.0789473684210526,0.447368421052632,0.342105263157895,0.473684210526316,0.368421052631579,0.105263157894737
"1247",0.0789473684210526,0.447368421052632,0.342105263157895,0.473684210526316,0.368421052631579,0.105263157894737
"1248",0.0789473684210526,0.447368421052632,0.342105263157895,0.473684210526316,0.368421052631579,0.105263157894737
"1249",0.0789473684210526,0.447368421052632,0.342105263157895,0.473684210526316,0.368421052631579,0.105263157894737
"1250",0.0789473684210526,0.447368421052632,0.210526315789474,0.473684210526316,0.289473684210526,0.289473684210526
"1251",0.0789473684210526,0.184210526315789,0.210526315789474,0.263157894736842,0.289473684210526,0.0263157894736842
"1252",0.0789473684210526,0.184210526315789,0.210526315789474,0.263157894736842,0.289473684210526,0.0263157894736842
"1253",0.0789473684210526,0.184210526315789,0.210526315789474,0.263157894736842,0.289473684210526,0.0263157894736842
"1254",0.0789473684210526,0.184210526315789,0.210526315789474,0.263157894736842,0.289473684210526,0.0263157894736842
"1255",0.0789473684210526,0.184210526315789,0.210526315789474,0.263157894736842,0.289473684210526,0.0263157894736842
"1256",0.0789473684210526,0.184210526315789,0.210526315789474,0.263157894736842,0.289473684210526,0.0263157894736842
"1257",0.0789473684210526,0.184210526315789,0.210526315789474,0.263157894736842,0.289473684210526,0.0263157894736842
"1258",0.0789473684210526,0.184210526315789,0.210526315789474,0.263157894736842,0.289473684210526,0.0263157894736842
"1259",0.0789473684210526,0.184210526315789,0.210526315789474,0.263157894736842,0.289473684210526,0.0263157894736842
"1260",0.0526315789473684,0.184210526315789,0.210526315789474,0.184210526315789,0.210526315789474,0.0263157894736842
"1261",0.0526315789473684,0.184210526315789,0.210526315789474,0.184210526315789,0.210526315789474,0.0263157894736842
"1262",0.0526315789473684,0.184210526315789,0.210526315789474,0.184210526315789,0.210526315789474,0.0263157894736842
"1263",0.0526315789473684,0.184210526315789,0.210526315789474,0.184210526315789,0.210526315789474,0.0263157894736842
"1264",0.0526315789473684,0.184210526315789,0.210526315789474,0.184210526315789,0.210526315789474,0.0263157894736842
"1265",0.0526315789473684,0.184210526315789,0.210526315789474,0.184210526315789,0.210526315789474,0.0263157894736842
"1266",0.0526315789473684,0.184210526315789,0.210526315789474,0.184210526315789,0.210526315789474,0.0263157894736842
"1267",0.0526315789473684,0.184210526315789,0.210526315789474,0.184210526315789,0.210526315789474,0.0263157894736842
"1268",0.0526315789473684,0.184210526315789,0.210526315789474,0.184210526315789,0.210526315789474,0.0263157894736842
"1269",0.0526315789473684,0.184210526315789,0.210526315789474,0.184210526315789,0.210526315789474,0.0263157894736842
"1270",0.0526315789473684,0.184210526315789,0.210526315789474,0.184210526315789,0.210526315789474,0.0263157894736842
"1271",0.0526315789473684,0.184210526315789,0.210526315789474,0.184210526315789,0.210526315789474,0.0263157894736842
"1272",0.0526315789473684,0.184210526315789,0.210526315789474,0.184210526315789,0.210526315789474,0.0263157894736842
"1273",0.0526315789473684,0.184210526315789,0.210526315789474,0.184210526315789,0.210526315789474,0.0263157894736842
"1274",0.0526315789473684,0.184210526315789,0.210526315789474,0.184210526315789,0.210526315789474,0.0263157894736842
"1275",0.0526315789473684,0.184210526315789,0.210526315789474,0.184210526315789,0.210526315789474,0.0263157894736842
"1276",0.0526315789473684,0.105263157894737,0.210526315789474,0.105263157894737,0.210526315789474,0.263157894736842
"1277",0.0526315789473684,0.105263157894737,0.210526315789474,0.105263157894737,0.210526315789474,0.263157894736842
"1278",0.0526315789473684,0.105263157894737,0.210526315789474,0.105263157894737,0.210526315789474,0.263157894736842
"1279",0.0526315789473684,0.105263157894737,0.210526315789474,0.105263157894737,0.210526315789474,0.263157894736842
"1280",0.0526315789473684,0.105263157894737,0.210526315789474,0.105263157894737,0.210526315789474,0.263157894736842
